{"tileSize":32,"mapWidth":38,"mapHeight":16,"layers":[{"name":"obstaculos","tiles":[{"id":"0","x":18,"y":3},{"id":"1","x":18,"y":4},{"id":"2","x":2,"y":6},{"id":"3","x":2,"y":7}],"collider":false},{"name":"estrutura","tiles":[{"id":"4","x":1,"y":1},{"id":"5","x":2,"y":1},{"id":"6","x":1,"y":2},{"id":"7","x":2,"y":2},{"id":"8","x":1,"y":3},{"id":"9","x":2,"y":3},{"id":"9","x":3,"y":3},{"id":"9","x":4,"y":3},{"id":"9","x":5,"y":3},{"id":"9","x":6,"y":3},{"id":"9","x":7,"y":3},{"id":"10","x":8,"y":3},{"id":"11","x":9,"y":3},{"id":"12","x":10,"y":3},{"id":"13","x":8,"y":4},{"id":"14","x":9,"y":4},{"id":"9","x":10,"y":4},{"id":"9","x":11,"y":4},{"id":"9","x":12,"y":4},{"id":"9","x":16,"y":4},{"id":"9","x":17,"y":4},{"id":"9","x":18,"y":4},{"id":"9","x":19,"y":4},{"id":"9","x":20,"y":4},{"id":"9","x":25,"y":4},{"id":"9","x":26,"y":4},{"id":"9","x":27,"y":4},{"id":"15","x":36,"y":2},{"id":"15","x":36,"y":3},{"id":"16","x":36,"y":4},{"id":"16","x":36,"y":5},{"id":"17","x":36,"y":6},{"id":"18","x":36,"y":1},{"id":"18","x":28,"y":1},{"id":"9","x":29,"y":6},{"id":"9","x":30,"y":6},{"id":"9","x":32,"y":6},{"id":"9","x":33,"y":6},{"id":"9","x":34,"y":6},{"id":"9","x":35,"y":6},{"id":"17","x":28,"y":6},{"id":"16","x":28,"y":5},{"id":"16","x":28,"y":2},{"id":"19","x":29,"y":1},{"id":"19","x":30,"y":1},{"id":"19","x":31,"y":1},{"id":"19","x":32,"y":1},{"id":"19","x":33,"y":1},{"id":"19","x":34,"y":1},{"id":"20","x":35,"y":1},{"id":"21","x":23,"y":4},{"id":"22","x":24,"y":4},{"id":"23","x":23,"y":5},{"id":"24","x":24,"y":5},{"id":"21","x":21,"y":5},{"id":"22","x":22,"y":5},{"id":"23","x":21,"y":6},{"id":"24","x":22,"y":6},{"id":"21","x":19,"y":6},{"id":"22","x":20,"y":6},{"id":"23","x":19,"y":7},{"id":"24","x":20,"y":7},{"id":"21","x":17,"y":7},{"id":"22","x":18,"y":7},{"id":"23","x":17,"y":8},{"id":"24","x":18,"y":8},{"id":"21","x":15,"y":8},{"id":"22","x":16,"y":8},{"id":"23","x":15,"y":9},{"id":"24","x":16,"y":9},{"id":"21","x":13,"y":9},{"id":"22","x":14,"y":9},{"id":"23","x":13,"y":10},{"id":"24","x":14,"y":10},{"id":"9","x":31,"y":6},{"id":"9","x":10,"y":10},{"id":"9","x":9,"y":10},{"id":"9","x":11,"y":10},{"id":"9","x":12,"y":10},{"id":"25","x":2,"y":7},{"id":"26","x":3,"y":7},{"id":"27","x":2,"y":8},{"id":"28","x":3,"y":8},{"id":"29","x":3,"y":9},{"id":"19","x":5,"y":9},{"id":"19","x":7,"y":10},{"id":"19","x":7,"y":8},{"id":"19","x":5,"y":7},{"id":"30","x":1,"y":14},{"id":"30","x":2,"y":14},{"id":"30","x":3,"y":14},{"id":"30","x":4,"y":14},{"id":"30","x":5,"y":14},{"id":"30","x":7,"y":14},{"id":"30","x":8,"y":14},{"id":"30","x":9,"y":14},{"id":"30","x":10,"y":14},{"id":"30","x":11,"y":14},{"id":"30","x":12,"y":14},{"id":"30","x":13,"y":14},{"id":"30","x":14,"y":14},{"id":"30","x":15,"y":14},{"id":"30","x":16,"y":14},{"id":"30","x":17,"y":14},{"id":"30","x":18,"y":14},{"id":"30","x":19,"y":14},{"id":"30","x":20,"y":14},{"id":"30","x":21,"y":14},{"id":"30","x":22,"y":14},{"id":"30","x":23,"y":14},{"id":"30","x":24,"y":14},{"id":"30","x":25,"y":14},{"id":"30","x":26,"y":14},{"id":"30","x":27,"y":14},{"id":"30","x":28,"y":14},{"id":"30","x":29,"y":14},{"id":"30","x":30,"y":14},{"id":"30","x":32,"y":14},{"id":"30","x":33,"y":14},{"id":"30","x":34,"y":14},{"id":"30","x":35,"y":14},{"id":"30","x":36,"y":14},{"id":"30","x":6,"y":14},{"id":"31","x":31,"y":10},{"id":"32","x":32,"y":10},{"id":"33","x":31,"y":11},{"id":"34","x":32,"y":11},{"id":"35","x":31,"y":12},{"id":"36","x":32,"y":12},{"id":"9","x":27,"y":13},{"id":"9","x":28,"y":13},{"id":"9","x":29,"y":13},{"id":"9","x":30,"y":13},{"id":"9","x":31,"y":13},{"id":"9","x":32,"y":13},{"id":"9","x":33,"y":13},{"id":"9","x":34,"y":13},{"id":"9","x":35,"y":13},{"id":"9","x":36,"y":13},{"id":"9","x":37,"y":13},{"id":"9","x":26,"y":13},{"id":"9","x":25,"y":13},{"id":"9","x":24,"y":13},{"id":"9","x":23,"y":13},{"id":"9","x":9,"y":13},{"id":"9","x":8,"y":13},{"id":"9","x":7,"y":13},{"id":"9","x":6,"y":13},{"id":"9","x":1,"y":13},{"id":"9","x":2,"y":13},{"id":"9","x":3,"y":13},{"id":"9","x":4,"y":13},{"id":"9","x":5,"y":13},{"id":"9","x":10,"y":13},{"id":"9","x":11,"y":13},{"id":"9","x":12,"y":13},{"id":"9","x":13,"y":13},{"id":"9","x":14,"y":13},{"id":"9","x":15,"y":13},{"id":"9","x":16,"y":13},{"id":"9","x":17,"y":13},{"id":"9","x":18,"y":13},{"id":"9","x":19,"y":13},{"id":"9","x":20,"y":13},{"id":"9","x":21,"y":13},{"id":"9","x":22,"y":13},{"id":"37","x":31,"y":14}],"collider":false},{"name":"background","tiles":[{"id":"38","x":2,"y":0},{"id":"19","x":3,"y":0},{"id":"19","x":8,"y":0},{"id":"19","x":9,"y":0},{"id":"19","x":10,"y":0},{"id":"19","x":11,"y":0},{"id":"19","x":12,"y":0},{"id":"19","x":13,"y":0},{"id":"19","x":14,"y":0},{"id":"19","x":15,"y":0},{"id":"19","x":16,"y":0},{"id":"39","x":0,"y":0},{"id":"40","x":0,"y":7},{"id":"41","x":0,"y":8},{"id":"40","x":0,"y":9},{"id":"41","x":0,"y":10},{"id":"40","x":0,"y":11},{"id":"41","x":0,"y":12},{"id":"40","x":0,"y":13},{"id":"41","x":0,"y":14},{"id":"42","x":0,"y":15},{"id":"43","x":1,"y":15},{"id":"43","x":2,"y":15},{"id":"43","x":3,"y":15},{"id":"43","x":4,"y":15},{"id":"43","x":5,"y":15},{"id":"43","x":6,"y":15},{"id":"43","x":7,"y":15},{"id":"43","x":8,"y":15},{"id":"43","x":9,"y":15},{"id":"43","x":10,"y":15},{"id":"43","x":11,"y":15},{"id":"43","x":12,"y":15},{"id":"43","x":13,"y":15},{"id":"43","x":14,"y":15},{"id":"43","x":15,"y":15},{"id":"43","x":16,"y":15},{"id":"43","x":17,"y":15},{"id":"43","x":18,"y":15},{"id":"43","x":19,"y":15},{"id":"43","x":20,"y":15},{"id":"43","x":21,"y":15},{"id":"43","x":22,"y":15},{"id":"43","x":23,"y":15},{"id":"43","x":24,"y":15},{"id":"43","x":25,"y":15},{"id":"43","x":26,"y":15},{"id":"43","x":27,"y":15},{"id":"43","x":28,"y":15},{"id":"43","x":29,"y":15},{"id":"43","x":30,"y":15},{"id":"43","x":31,"y":15},{"id":"43","x":32,"y":15},{"id":"43","x":33,"y":15},{"id":"43","x":34,"y":15},{"id":"43","x":35,"y":15},{"id":"43","x":36,"y":15},{"id":"43","x":37,"y":15},{"id":"44","x":37,"y":13},{"id":"45","x":37,"y":14},{"id":"44","x":37,"y":11},{"id":"45","x":37,"y":12},{"id":"44","x":37,"y":9},{"id":"45","x":37,"y":10},{"id":"44","x":37,"y":7},{"id":"45","x":37,"y":8},{"id":"44","x":37,"y":5},{"id":"45","x":37,"y":6},{"id":"44","x":37,"y":3},{"id":"45","x":37,"y":4},{"id":"44","x":37,"y":1},{"id":"45","x":37,"y":2},{"id":"46","x":37,"y":0},{"id":"19","x":17,"y":0},{"id":"38","x":18,"y":0},{"id":"19","x":19,"y":0},{"id":"38","x":20,"y":0},{"id":"19","x":21,"y":0},{"id":"38","x":22,"y":0},{"id":"19","x":23,"y":0},{"id":"38","x":24,"y":0},{"id":"19","x":25,"y":0},{"id":"38","x":26,"y":0},{"id":"19","x":27,"y":0},{"id":"38","x":28,"y":0},{"id":"19","x":35,"y":0},{"id":"38","x":36,"y":0},{"id":"41","x":0,"y":1},{"id":"19","x":7,"y":0},{"id":"19","x":6,"y":0},{"id":"19","x":5,"y":0},{"id":"19","x":4,"y":0},{"id":"47","x":31,"y":2},{"id":"47","x":35,"y":2},{"id":"48","x":36,"y":2},{"id":"49","x":35,"y":3},{"id":"50","x":36,"y":3},{"id":"48","x":36,"y":4},{"id":"50","x":36,"y":5},{"id":"48","x":36,"y":6},{"id":"50","x":36,"y":7},{"id":"47","x":35,"y":8},{"id":"48","x":36,"y":8},{"id":"49","x":35,"y":9},{"id":"50","x":36,"y":9},{"id":"47","x":35,"y":12},{"id":"48","x":36,"y":12},{"id":"49","x":35,"y":13},{"id":"50","x":36,"y":13},{"id":"47","x":35,"y":14},{"id":"48","x":36,"y":14},{"id":"49","x":33,"y":13},{"id":"50","x":34,"y":13},{"id":"47","x":33,"y":14},{"id":"48","x":34,"y":14},{"id":"49","x":31,"y":13},{"id":"50","x":32,"y":13},{"id":"47","x":31,"y":14},{"id":"48","x":32,"y":14},{"id":"50","x":30,"y":13},{"id":"47","x":29,"y":14},{"id":"48","x":30,"y":14},{"id":"49","x":27,"y":13},{"id":"47","x":27,"y":14},{"id":"48","x":28,"y":14},{"id":"47","x":25,"y":14},{"id":"48","x":26,"y":14},{"id":"50","x":24,"y":13},{"id":"47","x":23,"y":14},{"id":"48","x":24,"y":14},{"id":"47","x":21,"y":14},{"id":"48","x":22,"y":14},{"id":"47","x":19,"y":14},{"id":"48","x":20,"y":14},{"id":"47","x":17,"y":14},{"id":"48","x":18,"y":14},{"id":"49","x":15,"y":13},{"id":"47","x":15,"y":14},{"id":"48","x":16,"y":14},{"id":"49","x":13,"y":13},{"id":"50","x":14,"y":13},{"id":"47","x":13,"y":14},{"id":"48","x":14,"y":14},{"id":"49","x":11,"y":13},{"id":"50","x":12,"y":13},{"id":"47","x":11,"y":14},{"id":"48","x":12,"y":14},{"id":"49","x":9,"y":13},{"id":"50","x":10,"y":13},{"id":"47","x":9,"y":14},{"id":"48","x":10,"y":14},{"id":"50","x":8,"y":13},{"id":"47","x":7,"y":14},{"id":"48","x":8,"y":14},{"id":"49","x":5,"y":13},{"id":"47","x":5,"y":14},{"id":"48","x":6,"y":14},{"id":"47","x":3,"y":14},{"id":"48","x":4,"y":14},{"id":"49","x":8,"y":2},{"id":"50","x":7,"y":2},{"id":"48","x":7,"y":6},{"id":"48","x":6,"y":8},{"id":"49","x":4,"y":5},{"id":"48","x":5,"y":6},{"id":"47","x":2,"y":9},{"id":"47","x":3,"y":13},{"id":"48","x":4,"y":13},{"id":"50","x":2,"y":13},{"id":"48","x":2,"y":14},{"id":"50","x":3,"y":11},{"id":"47","x":2,"y":12},{"id":"48","x":3,"y":12},{"id":"49","x":4,"y":9},{"id":"47","x":4,"y":10},{"id":"49","x":4,"y":11},{"id":"47","x":4,"y":12},{"id":"48","x":5,"y":12},{"id":"49","x":6,"y":12},{"id":"47","x":6,"y":13},{"id":"48","x":9,"y":12},{"id":"47","x":10,"y":12},{"id":"50","x":17,"y":10},{"id":"48","x":27,"y":12},{"id":"47","x":13,"y":12},{"id":"47","x":11,"y":12},{"id":"48","x":12,"y":12},{"id":"49","x":6,"y":9},{"id":"48","x":13,"y":11},{"id":"47","x":11,"y":11},{"id":"48","x":12,"y":11},{"id":"48","x":10,"y":11},{"id":"47","x":5,"y":11},{"id":"48","x":14,"y":10},{"id":"47","x":8,"y":11},{"id":"49","x":6,"y":10},{"id":"48","x":7,"y":11},{"id":"48","x":9,"y":10},{"id":"47","x":10,"y":10},{"id":"50","x":13,"y":9},{"id":"47","x":12,"y":10},{"id":"47","x":11,"y":9},{"id":"48","x":10,"y":9},{"id":"47","x":7,"y":5},{"id":"48","x":8,"y":5},{"id":"49","x":7,"y":7},{"id":"47","x":7,"y":8},{"id":"49","x":7,"y":9},{"id":"50","x":8,"y":9},{"id":"47","x":7,"y":10},{"id":"48","x":8,"y":10},{"id":"47","x":8,"y":8},{"id":"49","x":9,"y":3},{"id":"47","x":10,"y":7},{"id":"47","x":12,"y":8},{"id":"49","x":10,"y":3},{"id":"47","x":10,"y":4},{"id":"49","x":10,"y":5},{"id":"49","x":11,"y":3},{"id":"47","x":11,"y":4},{"id":"49","x":12,"y":5},{"id":"47","x":12,"y":6},{"id":"49","x":12,"y":3},{"id":"50","x":13,"y":3},{"id":"47","x":12,"y":4},{"id":"49","x":13,"y":6},{"id":"47","x":13,"y":7},{"id":"49","x":13,"y":4},{"id":"47","x":14,"y":3},{"id":"49","x":14,"y":4},{"id":"49","x":15,"y":3},{"id":"47","x":15,"y":4},{"id":"47","x":14,"y":8},{"id":"49","x":16,"y":3},{"id":"47","x":16,"y":4},{"id":"49","x":15,"y":10},{"id":"49","x":16,"y":5},{"id":"49","x":17,"y":3},{"id":"50","x":18,"y":3},{"id":"47","x":17,"y":4},{"id":"48","x":18,"y":4},{"id":"49","x":18,"y":5},{"id":"49","x":19,"y":3},{"id":"50","x":20,"y":3},{"id":"47","x":19,"y":4},{"id":"48","x":20,"y":4},{"id":"49","x":21,"y":4},{"id":"47","x":21,"y":5},{"id":"48","x":26,"y":4},{"id":"47","x":29,"y":3},{"id":"48","x":30,"y":3},{"id":"48","x":28,"y":3},{"id":"47","x":21,"y":3},{"id":"47","x":22,"y":4},{"id":"48","x":23,"y":4},{"id":"47","x":22,"y":3},{"id":"48","x":23,"y":3},{"id":"47","x":24,"y":3},{"id":"48","x":25,"y":3},{"id":"47","x":26,"y":3},{"id":"48","x":27,"y":3},{"id":"49","x":18,"y":10},{"id":"50","x":19,"y":10},{"id":"49","x":19,"y":5},{"id":"50","x":20,"y":5},{"id":"48","x":25,"y":9},{"id":"50","x":27,"y":8},{"id":"49","x":23,"y":8},{"id":"47","x":23,"y":9},{"id":"48","x":24,"y":9},{"id":"49","x":21,"y":8},{"id":"50","x":22,"y":8},{"id":"47","x":21,"y":9},{"id":"48","x":22,"y":9},{"id":"50","x":20,"y":8},{"id":"47","x":19,"y":9},{"id":"48","x":20,"y":9},{"id":"50","x":18,"y":8},{"id":"47","x":17,"y":9},{"id":"47","x":15,"y":9},{"id":"49","x":16,"y":6},{"id":"49","x":14,"y":6},{"id":"49","x":22,"y":5},{"id":"50","x":23,"y":5},{"id":"47","x":24,"y":8},{"id":"49","x":27,"y":4},{"id":"47","x":29,"y":7},{"id":"49","x":29,"y":4},{"id":"50","x":30,"y":4},{"id":"49","x":31,"y":3},{"id":"47","x":31,"y":4},{"id":"50","x":34,"y":2},{"id":"50","x":35,"y":4},{"id":"48","x":35,"y":5},{"id":"50","x":35,"y":6},{"id":"48","x":35,"y":7},{"id":"47","x":32,"y":2},{"id":"48","x":33,"y":2},{"id":"49","x":32,"y":3},{"id":"47","x":32,"y":4},{"id":"50","x":33,"y":8},{"id":"49","x":30,"y":7},{"id":"49","x":28,"y":8},{"id":"49","x":26,"y":9},{"id":"50","x":26,"y":7},{"id":"47","x":25,"y":8},{"id":"48","x":26,"y":8},{"id":"47","x":27,"y":7},{"id":"48","x":28,"y":7},{"id":"47","x":24,"y":7},{"id":"48","x":21,"y":7},{"id":"47","x":22,"y":7},{"id":"49","x":24,"y":5},{"id":"50","x":25,"y":5},{"id":"47","x":24,"y":6},{"id":"49","x":26,"y":5},{"id":"50","x":27,"y":5},{"id":"47","x":26,"y":6},{"id":"48","x":27,"y":6},{"id":"49","x":28,"y":5},{"id":"50","x":29,"y":5},{"id":"47","x":28,"y":6},{"id":"48","x":29,"y":6},{"id":"50","x":31,"y":5},{"id":"47","x":30,"y":6},{"id":"49","x":32,"y":5},{"id":"49","x":33,"y":3},{"id":"50","x":34,"y":3},{"id":"47","x":33,"y":4},{"id":"48","x":34,"y":4},{"id":"49","x":33,"y":5},{"id":"50","x":34,"y":5},{"id":"47","x":33,"y":6},{"id":"48","x":34,"y":6},{"id":"49","x":31,"y":6},{"id":"47","x":31,"y":7},{"id":"48","x":32,"y":7},{"id":"49","x":31,"y":8},{"id":"50","x":32,"y":8},{"id":"47","x":31,"y":9},{"id":"48","x":32,"y":9},{"id":"49","x":29,"y":8},{"id":"50","x":30,"y":8},{"id":"47","x":29,"y":9},{"id":"48","x":30,"y":9},{"id":"49","x":27,"y":9},{"id":"50","x":28,"y":9},{"id":"48","x":24,"y":12},{"id":"49","x":29,"y":10},{"id":"50","x":30,"y":10},{"id":"47","x":29,"y":11},{"id":"50","x":32,"y":10},{"id":"50","x":34,"y":11},{"id":"48","x":34,"y":12},{"id":"49","x":35,"y":10},{"id":"50","x":36,"y":10},{"id":"47","x":35,"y":11},{"id":"48","x":36,"y":11},{"id":"50","x":34,"y":9},{"id":"47","x":33,"y":10},{"id":"48","x":34,"y":10},{"id":"49","x":32,"y":11},{"id":"50","x":33,"y":11},{"id":"47","x":32,"y":12},{"id":"48","x":33,"y":12},{"id":"49","x":30,"y":11},{"id":"50","x":31,"y":11},{"id":"47","x":30,"y":12},{"id":"48","x":31,"y":12},{"id":"49","x":28,"y":12},{"id":"50","x":29,"y":12},{"id":"47","x":28,"y":13},{"id":"48","x":29,"y":13},{"id":"50","x":26,"y":12},{"id":"47","x":25,"y":13},{"id":"48","x":26,"y":13},{"id":"49","x":22,"y":12},{"id":"47","x":22,"y":13},{"id":"48","x":23,"y":13},{"id":"47","x":20,"y":13},{"id":"48","x":21,"y":13},{"id":"47","x":18,"y":13},{"id":"48","x":19,"y":13},{"id":"47","x":16,"y":13},{"id":"48","x":17,"y":13},{"id":"49","x":14,"y":11},{"id":"50","x":15,"y":11},{"id":"47","x":14,"y":12},{"id":"48","x":15,"y":12},{"id":"49","x":16,"y":11},{"id":"50","x":17,"y":11},{"id":"47","x":16,"y":12},{"id":"48","x":17,"y":12},{"id":"49","x":18,"y":11},{"id":"50","x":19,"y":11},{"id":"47","x":18,"y":12},{"id":"48","x":19,"y":12},{"id":"49","x":20,"y":10},{"id":"47","x":20,"y":11},{"id":"48","x":21,"y":11},{"id":"49","x":22,"y":10},{"id":"50","x":23,"y":10},{"id":"47","x":22,"y":11},{"id":"48","x":23,"y":11},{"id":"49","x":24,"y":10},{"id":"47","x":24,"y":11},{"id":"49","x":26,"y":10},{"id":"50","x":27,"y":10},{"id":"38","x":34,"y":0},{"id":"19","x":33,"y":0},{"id":"38","x":32,"y":0},{"id":"19","x":31,"y":0},{"id":"38","x":30,"y":0},{"id":"19","x":29,"y":0},{"id":"41","x":0,"y":6},{"id":"40","x":0,"y":5},{"id":"50","x":2,"y":4},{"id":"41","x":0,"y":4},{"id":"40","x":0,"y":3},{"id":"48","x":2,"y":3},{"id":"41","x":0,"y":2},{"id":"19","x":1,"y":0},{"id":"51","x":2,"y":2},{"id":"51","x":3,"y":2},{"id":"51","x":4,"y":2},{"id":"51","x":5,"y":2},{"id":"51","x":3,"y":4},{"id":"51","x":4,"y":4},{"id":"51","x":3,"y":3},{"id":"51","x":4,"y":3},{"id":"51","x":5,"y":3},{"id":"51","x":9,"y":4},{"id":"51","x":9,"y":5},{"id":"51","x":8,"y":4},{"id":"51","x":1,"y":2},{"id":"51","x":1,"y":3},{"id":"51","x":1,"y":4},{"id":"51","x":1,"y":5},{"id":"51","x":1,"y":6},{"id":"51","x":1,"y":7},{"id":"51","x":1,"y":10},{"id":"51","x":1,"y":11},{"id":"51","x":1,"y":12},{"id":"51","x":1,"y":13},{"id":"51","x":1,"y":14},{"id":"51","x":1,"y":1},{"id":"51","x":2,"y":1},{"id":"51","x":3,"y":1},{"id":"51","x":4,"y":1},{"id":"51","x":5,"y":1},{"id":"51","x":6,"y":1},{"id":"51","x":7,"y":1},{"id":"51","x":8,"y":1},{"id":"51","x":11,"y":2},{"id":"51","x":12,"y":2},{"id":"51","x":13,"y":2},{"id":"51","x":14,"y":2},{"id":"51","x":15,"y":2},{"id":"51","x":16,"y":2},{"id":"51","x":17,"y":2},{"id":"51","x":18,"y":2},{"id":"51","x":19,"y":2},{"id":"51","x":20,"y":2},{"id":"51","x":30,"y":2},{"id":"51","x":29,"y":2},{"id":"51","x":28,"y":2},{"id":"51","x":27,"y":2},{"id":"51","x":26,"y":2},{"id":"51","x":25,"y":2},{"id":"51","x":24,"y":2},{"id":"51","x":23,"y":2},{"id":"51","x":22,"y":2},{"id":"51","x":21,"y":2},{"id":"51","x":9,"y":1},{"id":"51","x":36,"y":1},{"id":"51","x":35,"y":1},{"id":"51","x":34,"y":1},{"id":"51","x":33,"y":1},{"id":"51","x":32,"y":1},{"id":"51","x":31,"y":1},{"id":"51","x":30,"y":1},{"id":"51","x":29,"y":1},{"id":"51","x":28,"y":1},{"id":"51","x":27,"y":1},{"id":"51","x":26,"y":1},{"id":"51","x":25,"y":1},{"id":"51","x":24,"y":1},{"id":"51","x":23,"y":1},{"id":"51","x":22,"y":1},{"id":"51","x":21,"y":1},{"id":"51","x":20,"y":1},{"id":"51","x":19,"y":1},{"id":"51","x":18,"y":1},{"id":"51","x":17,"y":1},{"id":"51","x":16,"y":1},{"id":"51","x":15,"y":1},{"id":"51","x":14,"y":1},{"id":"51","x":13,"y":1},{"id":"51","x":12,"y":1},{"id":"51","x":11,"y":1},{"id":"51","x":10,"y":1},{"id":"51","x":10,"y":2},{"id":"51","x":9,"y":2},{"id":"51","x":8,"y":3},{"id":"51","x":7,"y":3},{"id":"51","x":5,"y":5},{"id":"51","x":5,"y":4},{"id":"51","x":6,"y":2},{"id":"51","x":6,"y":3},{"id":"51","x":7,"y":4},{"id":"51","x":6,"y":4},{"id":"51","x":6,"y":5},{"id":"51","x":6,"y":6},{"id":"51","x":6,"y":7},{"id":"51","x":5,"y":7},{"id":"51","x":4,"y":6},{"id":"51","x":4,"y":7},{"id":"51","x":3,"y":8},{"id":"51","x":3,"y":7},{"id":"51","x":3,"y":6},{"id":"51","x":3,"y":5},{"id":"51","x":2,"y":5},{"id":"51","x":2,"y":6},{"id":"51","x":2,"y":7},{"id":"51","x":2,"y":8},{"id":"51","x":1,"y":8},{"id":"51","x":1,"y":9},{"id":"51","x":2,"y":10},{"id":"51","x":2,"y":11},{"id":"51","x":3,"y":10},{"id":"51","x":3,"y":9},{"id":"51","x":4,"y":8},{"id":"51","x":5,"y":8},{"id":"51","x":5,"y":9},{"id":"51","x":5,"y":10},{"id":"51","x":6,"y":11},{"id":"51","x":7,"y":12},{"id":"51","x":7,"y":13},{"id":"51","x":8,"y":12},{"id":"51","x":9,"y":11},{"id":"51","x":15,"y":8},{"id":"51","x":14,"y":9},{"id":"51","x":12,"y":9},{"id":"51","x":15,"y":7},{"id":"51","x":20,"y":6},{"id":"51","x":11,"y":8},{"id":"51","x":19,"y":8},{"id":"51","x":16,"y":10},{"id":"51","x":13,"y":10},{"id":"51","x":11,"y":10},{"id":"51","x":9,"y":9},{"id":"51","x":9,"y":8},{"id":"51","x":10,"y":6},{"id":"51","x":11,"y":6},{"id":"51","x":13,"y":5},{"id":"51","x":15,"y":5},{"id":"51","x":17,"y":6},{"id":"51","x":13,"y":8},{"id":"51","x":10,"y":8},{"id":"51","x":9,"y":7},{"id":"51","x":8,"y":7},{"id":"51","x":8,"y":6},{"id":"51","x":9,"y":6},{"id":"51","x":11,"y":5},{"id":"51","x":14,"y":5},{"id":"51","x":17,"y":5},{"id":"51","x":18,"y":6},{"id":"51","x":17,"y":7},{"id":"51","x":14,"y":7},{"id":"51","x":11,"y":7},{"id":"51","x":12,"y":7},{"id":"51","x":15,"y":6},{"id":"51","x":22,"y":6},{"id":"51","x":25,"y":6},{"id":"51","x":25,"y":7},{"id":"51","x":23,"y":7},{"id":"51","x":20,"y":7},{"id":"51","x":16,"y":7},{"id":"51","x":18,"y":7},{"id":"51","x":19,"y":6},{"id":"51","x":23,"y":6},{"id":"51","x":21,"y":6},{"id":"51","x":19,"y":7},{"id":"51","x":17,"y":8},{"id":"51","x":16,"y":8},{"id":"51","x":16,"y":9},{"id":"51","x":18,"y":9},{"id":"51","x":21,"y":10},{"id":"51","x":25,"y":10},{"id":"51","x":25,"y":12},{"id":"51","x":21,"y":12},{"id":"51","x":20,"y":12},{"id":"51","x":23,"y":12},{"id":"51","x":28,"y":11},{"id":"51","x":26,"y":11},{"id":"51","x":25,"y":11},{"id":"51","x":27,"y":11},{"id":"51","x":28,"y":10},{"id":"51","x":31,"y":10},{"id":"51","x":33,"y":9},{"id":"51","x":34,"y":8},{"id":"51","x":34,"y":7},{"id":"51","x":33,"y":7},{"id":"51","x":32,"y":6},{"id":"51","x":30,"y":5},{"id":"51","x":28,"y":4},{"id":"51","x":25,"y":4},{"id":"51","x":24,"y":4}],"collider":false}]}